Nodes,A*,BFS,DFS,ACO
20,6.859303e-04,0.000000e+00,0.000000e+00,2.719482e-01
50,1.469930e-03,1.261473e-03,0.000000e+00,1.356110e+00
100,1.741648e-03,2.403180e-03,0.000000e+00,3.946555e-01
