Nodes,A*,BFS,DFS,ACO
20,0.000231,0.000066,0.000018,0.064397
50,0.000298,0.000509,0.000050,0.402234
100,0.000338,0.000845,0.000027,0.190506
