Cities,BFS,DFS,A* (Exact),GA,ACO,SA,HC
8,2.482486e-02,3.083086e-02,1.004410e-02,1.681041e-01,5.055859e-01,4.409766e-02,3.883986e-02
9,1.944530e-01,1.499314e-01,6.021690e-02,2.077463e-01,4.949728e-01,4.275174e-02,3.583140e-02
10,3.841175e+00,2.800950e+00,1.029155e+00,6.747328e-01,2.038533e+00,1.532047e-01,1.450176e-01
