Num_Items,DFS,HC,GA,SA,PSO,DE,ABC,CS,FA,TLBO
10,0.000000e+00,1.808059e-01,2.773068e-01,9.197474e-02,2.434963e-01,4.582024e-01,4.379950e-01,2.677701e-01,2.774041e-01,4.218780e-01
15,4.043579e-03,7.367357e-02,2.882393e-01,8.800745e-02,2.790310e-01,4.976808e-01,4.596586e-01,3.279064e-01,4.332356e-01,5.844886e-01
20,3.797166e-02,8.024065e-02,3.602534e-01,1.055501e-01,3.726275e-01,5.643896e-01,4.936633e-01,4.860696e-01,9.369547e-01,6.569966e-01
30,7.432648e-01,9.708937e-02,4.224710e-01,8.832161e-02,4.203962e-01,6.562428e-01,5.213137e-01,5.024261e-01,3.115206e+00,8.091590e-01
