Nodes,GA,SA,ACO,HC,DFS
10,0.081064,0.040915,0.184252,0.004931,0.000871
15,0.096059,0.069327,0.070443,0.005028,0.000237
20,0.146319,0.097758,0.356568,0.012803,0.000411
